header,body
,"הכנסת העשרים

מושב שלישי

פרוטוקול מס' 401

מישיבת ועדת העבודה, הרווחה והבריאות

יום שני, י""ט בכסלו התשע""ז (19 בדצמבר 2016), שעה 13:30"
סדר היום,"1. גופי בריאות המיוצגים בכנסת באמצעות חברות לובינג המקדמות במקביל אינטרסים של חברות טבק, של חה""כ סתיו שפיר

2. גופי בריאות המיוצגים בכנסת באמצעות חברות לובינג המקדמות במקביל אינטרסים של חברות טבק, של חה""כ יעל גרמן

3. גופי בריאות המיוצגים בכנסת באמצעות חברות לובינג המקדמות במקביל אינטרסים של חברות טבק, של חה""כ מיכל רוזין

4. גופי בריאות המיוצגים בכנסת באמצעות חברות לובינג המקדמות במקביל אינטרסים של חברות טבק, של חה""כ עבדאללה אבו מערוף"
נכחו,
חברי הוועדה:,"אלי אלאלוף – היו""ר

עבדאללה אבו מערוף"
חברי הכנסת,"יעל גרמן

מיכל רוזין

סתיו שפיר"
מוזמנים:,"מיכל גולדברג - עורכת דין, בריאות הסביבה, משרד הבריאות

טלי שטיין

משרד המשפטים

שבי גטניו - מייסד, עמותה לדמוקרטיה מתקדמת

ד""ר אביטל פאטו בן-ארי - מקדמת בריאות, האגודה למלחמה בסרטן

יונתן קגן - חבר ועד, האגודה למלחמה בסרטן

בני שדה - פעיל, המשמר החברתי

ארז גילהר - שדלן/ית (פוליסי), מנכ""ל משותף

דפנה כהן איווניר - שדלן/ית (כהן-רימון-כהן), מנכ""לית

יעל שילוני - שדלן/ית (גלעד יחסי ממשל ולובינג), אינו/ה מייצג/ת לקוחות בדיון זה (לקוחות קבועים נוספים שנושא הישיבה נוגע אליהם באופן ישיר: איגוד לשכות המסחר, האגודה לזכויות החולה, ההסתדרות הרפואית בישראל, חטיבת אחיות בריאות הציבור, לשכת סוכני ביטוח בישראל, מאוחדת, מגן דוד אדום

לוטם בכר - שדלן/ית (גלעד יחסי ממשל ולובינג), אינו/ה מייצג/ת לקוחות בדיון זה (לקוחות קבועים נוספים שנושא הישיבה נוגע אליהם באופן ישיר: איגוד לשכות המסחר, האגודה לזכויות החולה, ההסתדרות הרפואית בישראל, חטיבת אחיות בריאות הציבור, לשכת סוכני ביטוח בישראל, מאוחדת, מגן דוד אדום

ליטל סבר - שדלן/ית (גלעד יחסי ממשל ולובינג)"
ייעוץ משפטי,נעה בן שבת
מנהלת הוועדה,ענת כהן שמואל
רישום פרלמנטרי,"ר.כ., חבר המתרגמים

1.גופי בריאות המיוצגים בכנסת באמצעות חברות לובינג המקדמות במקביל אינטרסים של חברות טבק, של חה""כ סתיו שפיר

2.גופי בריאות המיוצגים בכנסת באמצעות חברות לובינג המקדמות במקביל אינטרסים של חברות טבק, של חה""כ יעל גרמן

3.גופי בריאות המיוצגים בכנסת באמצעות חברות לובינג המקדמות במקביל אינטרסים של חברות טבק, של חה""כ מיכל רוזין

4.גופי בריאות המיוצגים בכנסת באמצעות חברות לובינג המקדמות במקביל אינטרסים של חברות טבק, של חה""כ עבדאללה אבו מערוף"
"היו""ר אלי אלאלוף","חברים, היום 19 בדצמבר 2016, י""ט בכסלו תשע""ז והשעה 13:39, איחור קל. אנחנו מקיימים דיון דחוף על פי בקשות של חברת הכנסת סתיו שפיר, חברת הכנסת יעל גרמן, חברת הכנסת מיכל רוזין וחבר הכנסת ד""ר עבדאללה אבו מערוף.

אני חייב להגיד באי נוחות מסוימות, כי יש לי עמדה לא סימפטית לחברות הלובינג. אני בעיקרון נגד. בכלל. בחיים שלי לא השתמשתי בזה ויש לי שירות של 50 שנה - מותר לי להגיד עכשיו - בשירות המדינה ובשירות הסקטור הפרטי, כי אני לא מאמין שנושא טוב זקוק למישהו שיסביר אותו."
יעל גרמן (יש עתיד),תמורת כסף.
"היו""ר אלי אלאלוף","וודאי תמורת כסף. אני חושב שבמיוחד בכנסת, אבל אמרו לי שעכשיו זה סודר ובכנסת מותר. אז אחרי הפשלה של הפגישה הראשונה בהשתתפות הלוביסטים, אני ביקשתי שתעזבו את הישיבה. זו הייתה העמדה המקורית שלי. אז אני גלוי, שיהיה לכם ברור. היום אומרים שזה מסודר, הכנסת אישרה אז אני לפני חוק תמיד מתקפל. מכבד. אבל יש דברים והגענו פה, בזכות החברות שהציגו את הנושא הזה, הגענו למצב מאד אבסורדי.

אנחנו ועדת הבריאות שעושה הכל כדי לשמור על בריאות האדם, האזרח. ומצד שני לוקחים את הגורם הקטלני ביותר במדינה וביד שנייה מגנים עליו, מסבירים אותו וזה הנושא של הסיגריות, חברות הסיגריות. זה אבסורד. זה נראה לי ממש ציני. אני חייב להגיד, שיהיה לכם ברור. זה ציני שמצד אחד נלחמים כדי שאנשים יהיו בריאים, מצד שני מוכרים את הרעל כדי שימותו. אין מילים אחרות. ותאמינו לי, בדרך כלל אני קצת יותר קול בדיונים, אבל פה הדיון הזה הוא מקומם מבחינה זאת. אנחנו יודעים שזה הורג. אתם יודעים שזה הורג. כל אחד מאיתנו, לצערנו, במשפחות שלנו ראינו למה הלכו. זה כאילו מישהו שאומר בוא תרעיל אותו, יותר טוב. למכור סיגריות? לא שהצלחנו במשפחות שלנו, לצערי הרב.

אנחנו נמצאים במצב כזה – איך אפשר לייצג שני גופים כל כך מנוגדים. שתי מערכות כל כך מנוגדות, ונראה לי שפה המצפון אמור לעשות ולא החוק ולא הנהלים או הטכניקה שאנחנו נוכל לפתח פה. אז שיהיה לכם ברור, זו העמדה – גילוי נאות – זו העמדה שלי. אני לא בא לעזור למישהו לייצג מצד אחד את הסכנה ומצד שני את העולם שאמור לתקן את זה.

אז זו הפתיחה שלי, שאני רוצה לפתוח, ברשותכן, חברות הכנסת. שלושתכן הצגתם, אז בבקשה."
יעל גרמן (יש עתיד),"תודה רבה לך אדוני יושב הראש. אני חושבת שלאחר הפתיחה שלך, הדברים שלי ושלנו כמעט מיותרים. ובכל זאת אנחנו ביקשנו ונרצה גם לחדד את מה שאתה התחלת ופתחת. ואולי אני אתן דוגמאות מתחומים אחרים.

ואני רוצה לשאול אותך, אדוני יושב הראש, האם יעלה בדעתך, לא מהתחום שאתה אמרת, שיועץ לשר הבריאות, שמתפקידו לקדם את הבריאות הציבורית, ייעץ גם לאסותא, שזה בית חולים פרטי? האם יעלה בדעתך שמי שרוצה לקדם את הפתרון בעמונה, ייצג גם את יש דין ואת שלום עכשיו? האם נקבל ברצינות מישהו שמגיע אלינו ורוצה לקדם את אדם טבע ודין, את החברה להגנת הטבע, שהוא מטיף נגד זיהום הסביבה ופתאום נגלה שהוא מייצג גם את בז""ן ואת חיפה כימיקלים? אלה ניגודי עניינים שבשכל הישר אף אחד לא יכול לתפוס אותם וברור שיש בהם משהו פגום מבחינת היגיינה ציבורית. זה גם לא הגיוני וגם מנוגד להיגיינה הציבורית.

והנה פה אנחנו גילינו, אני לא יודעת איך גילו, אבל מזל שגילו ולמזלנו גילינו, ואני חייבת לשבח – מה אפשר לעשות - את התקשורת, שפעם נוספת עשתה באמת את העבודה והיא כלב השמירה והייתה פה כלב שמירה ונתנה את הנביחה ובאה ואמרה שאותם גופים שמקדמים, שעושים לובינג לגופי בריאות כמו מכבי, הסתדרות הרופאים הישראלית – יש לי פה שורה שלמה של גופים שמקדמים את הבריאות. אותם גופים מקדמים גם את הסיגריות. אנחנו לא ידענו את זה, אף אחד מאיתנו. ואולי בכך מתחיל – איך אפשר לייצג שני גופים מנוגדים ולא להודיע על כך ובלי שתהיה שקיפות.

אז אני מאד שמחה שאנחנו מביאים אליך נושא שאתה מבין אותו עוד לפני שאנחנו בכלל התחלנו, אבל אני מאד מאד אשמח אם בתום הדיון הזה אנחנו גם אולי נחליט על לשנות את החוק של הלוביסטים, כך שיחייב אותם ליתר שקיפות במקרים של ניגוד עניינים, ממש כמו שכל אחד שפועל בניגוד עניינים חייב להודיע על זה. שגם הם יהיו חייבים לבוא ולהודיע. כשהם באים אלי ומייצגים לי את מכבי, הם צריכים לבוא ולומר – אני חייב לומר שאני גם מייצג את חברת הסיגריות. עד כאן."
"היו""ר אלי אלאלוף",תודה. יש פה לוביסטים שעובדים למען חברות סיגריות?
ארז גילהר,כן אדוני.
"היו""ר אלי אלאלוף",אני רק רוצה להגיד לך שאף חברת סיגריות לא הסכימה לבוא לדיון. רק זה מראה לכם.
ארז גילהר,"אדוני, אתם הזמנתם אותי ואני התייצבתי."
"היו""ר אלי אלאלוף","לא, לא, אני אומר לגבי חברות הסיגריות שהוזמנו, אף אחת לא מצאה לנכון. בבקשה, חברת הכנסת מיכל רוזין."
מיכל רוזין (מרצ),"תודה. אני רק אוסיף שתי נקודות. אני חייבת לומר שאני שומעת את דברי הפתיחה שלך, אני קצת חלוקה עליהם, לא כי אני תומכת בחלק גדול מהדברים שנעשים, אבל אני מאמינה ששתדלנות מתקיימת דרך אגב בכל מערכת פוליטית ולפעמים אני מעדיפה לראות אותה ושהיא תהיה שקופה עבורי, מאשר זה לא שלא ישפיעו על שרים ולא ישפיעו על חברי כנסת, רק יעשו את זה במחשכים, ולכן אני חושבת שטוב שיש חוק ויש סדר והכל ברור ולכן בעניין הזה אני מצטרפת לדרישה שלך יעל, אני חושבת שצריך פה שקיפות.

אני חושבת שגם הכנסת צריכה לקבל, כמו שיש שקיפות – הולכים עם התג, שיודעים מי הוא בדיוק מי הוא לוביסט. לא יכול אדם סתם לגשת לחבר כנסת ולדבר איתו בלי שהוא יודע שהוא לוביסט. יש משמעות לזה. אני חושבת שהיחידים שמקפידים ללכת כמעט עם השרוכים האלה זה הלוביסטים, ולצד זה חשוב מאד גם לדווח בצורה כנה ושקופה לכנסת, ליושב ראש הכנסת, אני לא יודעת בדיוק מי אחראי על זה פה, לדווח בצורה שקופה שגם חברי הכנסת יידעו איזה חברות מייצגות איזה חברות והאם יש בניהן סתירה. בעניין הזה אנחנו מדברים על שקיפות.

אני רוצה לתת דוגמא אבסורדית, דרך אגב, דווקא לא מהתחום של סיגריות, וזה ברור, האבסורד זועק לשמיים. מהימים שבהם הוקמה ועדת חקירה פרלמנטארית בכנסת למאבק בסחר בנשים והמדינה תקצבה בכספים מאד גדולים את המאבק הזה, המשטרה, הפרקליטות, משרד החוץ, כולם פעלנו - נכנסו כמעט לרשימה השחורה של ארצות הברית – פעלו נגד העניין הזה. בעיתונות החוקרת היו כתבות באמת מזעזעות על נשים שמוחבאות בתוך ארונות ומתחת למיטות ודברים מאד קשים, אבל החוק אפשר לכל אותם גופי תקשורת לפרסם בעמודי הפרסומות והמודעות את כל אותם מה שנקרא היום דירות דיסקרטיות וכל אותם מקומות ואותן נשים נסחרות. לקח זמן עד שבאמת הצלחנו להעביר בחוק חקיקה שאסרה פרסום על שירותי מין ועצרה את התופעה הזאת.

אז באמת אנחנו מכירים את העניין הזה, שבצד אחד אנחנו רואים עיתונות שיוצאת נגד ואומרת התופעה נוראה וחייבים לעצור אותה, ומצד שני כמובן עניין הרווח הכלכלי וגם בעניין של סיגריות ראינו את זה בכנסת הקודמת, מאבק מאד קשה בעניין של הסיגריות ופרסום הסיגריות.

אנחנו מבינים את המצוקות, אבל אי אפשר. אי אפשר לדבר בשני קולות. אי אפשר לסתור את עצמנו. אי אפשר להעביר פה כללים ברורים לגבי חברות המזון או בנושא בריאות ושמי שמייצג אותם ייצג גם את חברות הסיגריות. ואני מאמינה לכם שאתם רוצים לעשות הפרדה של חומה סינית. הייתי בחומה הסינית, היא גם שבורה בכמה מקומות."
"היו""ר אלי אלאלוף",לידי.
מיכל רוזין (מרצ),"נכון. היא שבורה, אי אפשר לעבור אותה ויש עם זה בעייתיות. ובעניין הזה צריך לבחור. גם חברה עסקית, דרך אגב, שמייצגת את נוקיה, לא תייצג את סלקום או לא משנה – סלקום, פלאפון וכדומה. חברות עסקיות לא מייצגות – לא, לא מייצגות שתי חברות שמתחרות אחת בשנייה ובדברים האלה, כמו שיש בעולם העסקי כללים, גם פה בתוך הכנסת צריכים להיות הכללים האלה. אני חושבת שזה לא משהו שיפגע באמת פגיעה אנושה בתפקוד של הלוביסטים, בעבודה שלהם, בפרנסה שלהם. אני באמת חושבת שזה משהו שהוא מחייב את השקיפות ומחייב את האינטרס הציבורי. תודה"
"היו""ר אלי אלאלוף","תודה. כן, בבקשה, חבר הכנסת עבדאללה אבו מערוף."
עבדאללה אבו מערוף (הרשימה המשותפת),"יום טוב, כבוד יושב הראש. אנחנו מבינים שקידום הבריאות, האנשים שמקדמים בריאות עושים עבודה טובה מאד, עבודה מבורכת, אין על זה ויכוח ואני חושב שמי שישנו כאן והם אלה שמקדמים את הבריאות לטובת הציבור, האנשים שישנם כאן עושים עבודה טובה, אבל אנחנו רואים שהדיון הזה הוא לא סתם, שיש גופים שנושקים – מצד אחד מקדמים את הבריאות, מצד שני מקדמים את העישון. זה מספיק לדבר כך. איך אפשר לקדם את בריאות הציבור מצד אחד ומצד שני להיות מנוגד לכל העיקרון הזה לשמור על בריאות הציבור.

לא סתם העלינו את הדיון הזה. אני בן אדם שנאבק נגד העישון משנת 1977, אפילו משנת 1975, תתפלאו לשמוע שאז זה היה."
מיכל רוזין (מרצ),אז כולם עישנו עלינו. היינו ילדים ועישנו עלינו.
עבדאללה אבו מערוף (הרשימה המשותפת),נכון.
"היו""ר אלי אלאלוף","דיברתי עלייך בפתיח, חברת הכנסת סתיו שפיר."
סתיו שפיר (המחנה הציוני),"תודה. אני מצטערת, הייתי בוועדת שקיפות."
עבדאללה אבו מערוף (הרשימה המשותפת),"ולכן חובתנו לנקוט את כל האמצעים המניעתיים. הדבר הזה אינו אפשרי – מקדם בריאות הציבור, אי אפשר שהוא גם לובינג של חברות העישון. נקודה. אנחנו ננקוט בכל הדרכים על מנת שדבר כזה לא יהיה בכלל. והיו מקרים באנגליה, היו מקרים באמריקה ועלו על זה. היו הרבה מקרים כאלה גם בארצות אחרות.

לכן אני מברך שקיום הדיון נענה בדחיפות, תודה רבה וזה מה שצריך להיות."
"היו""ר אלי אלאלוף","אוקיי. סתיו, את רוצה?"
סתיו שפיר (המחנה הציוני),"כן, אני אשמח. שוב, רק להודות לך ולשותפי חברי הכנסת, על קיומו של הדיון החשוב הזה וגם לעמותה לדמוקרטיה מתקדמת שעושה עבודה קשה בנושא כבר שנים ארוכות. אנחנו נגענו בסוגיה של חברות הלובי מספר פעמים מהרבה זוויות, אבל העניין הזה של ניגוד הענייניים והאינטרסים הסותרים שמתקיימים בתוך חברות הלובי, הוא עניין שבכל פעם נוחת על ועדות הכנסת השונות מכיוונים שונים ובכל פעם זה ממש בלתי נתפס איך הדבר הזה בכלל קורה.

כלומר איך חברות שעוסקות בנושא מסוים – במקרה הזה בבריאות הציבור – בנושא אולי החשוב ביותר, ממש ענייניים של חיים ומוות – יכולות בכלל להיות מיוצגות על ידי גוף שבמקביל מייצג חברות שעבודתן ופועלן גורמות למוות ולסכנות בריאותיות חמורות ביותר. איך הדבר הזה נעשה?

אנחנו מכירים את הזוויות האחרות של הנושא הזה גם מתחומים של למשל תיאום בין חברות. אני אספר לך פה באנקדוטה שלפני מספר חודשים ערכנו בוועדת השקיפות דיון על שקיפות בחברות ביטוח. זימנו את חברות הביטוח לוועדה, לבוא ולספר לנו מה הן מוכנות לחשוף. אנחנו לא יכולים בוועדה לחייב אותם להגיע, לצערי בוועדות הכנסת, מה הן יכולות לחשוף על ההתייחסות שלהן ללקוחות. למשל נתונים כמו כמה תביעות התקבלו באותה שנה ללא שימוש בעורכי דין ועוד ועוד, אבל חברות הביטוח לא הגיעו לוועדה. מה הן עשו?"
"היו""ר אלי אלאלוף",גם היום חברות הסיגריות לא הגיעו.
סתיו שפיר (המחנה הציוני),"הסיגריות לא הגיעו, אבל מה עשו אז? הם שלחו את הלוביסט. לוביסט אחד שמייצג את כל החברות שזימנו. אתם מבינים? יש פה גם סוגיה שחברות הלובי שפועלות ככה לפעמים מתחת לרדאר, עובדות עם הפוליטיקאים, ליד הפוליטיקאים. חלקן לוקחות ומנסות למשוך גם עוזרים של פוליטיקאים כדי שיעבדו בשורותיהם ואגב מציעים להם שכר הרבה יותר גבוה ממה שהעוזרים מקבלים פה בכנס ופיתויים אחרים ממה שיש במגזר הציבורי והן אחר כך, בתוך עבודתם, גם לפעמים מייצרות ממש חשש לתיאום בין חברות שלא אמורות להיות מתואמות ביניהן ובמקרים אחרים מייצרות ניגודי אינטרסים בוטים.

אני חושבת שאנחנו נצטרך לקדם כאן ואני מקווה שהוועדה תרצה לקדם במשותף חקיקה שמחייבת אותן לדווח על אותם ניגודי עניינים ואולי גם ממש מחייבת שלא יהיה אפשר לייצג חברות שנמצאות בניגודי עניינים מלכתחילה ואני אשמח מאד אם כל השותפים פה לוועדה ירצו להיות שותפים לדבר כזה."
יעל גרמן (יש עתיד),אני כבר העליתי את זה.
סתיו שפיר (המחנה הציוני),"מצוין. אז אני קולעת לדעת חכמים. ומעבר לזה אדוני, אני חושבת גם שצריך להתייחס מאד בחומרה לעובדה שחברות הטבק לא הואילו להגיע לכאן ולייצג את עצמן."
יעל גרמן (יש עתיד),נכון. גם פה הן מיוצגות על ידי לוביסטים.
סתיו שפיר (המחנה הציוני),כמה נוח.
יעל גרמן (יש עתיד),ולא מפתיע.
"היו""ר אלי אלאלוף","יש פה בקשה אחת רשומה של שבי גטניו, בבקשה."
שבי גטניו,"שבי גטניו מהעמותה לדמוקרטיה מתקדמת. קודם כל אני מודה על העבודה המאומצת של המזכירות של הוועדה, באמת עבודה יוצאת מן הכלל. חברי הכנסת גרמן, רוזין ו - - -"
יעל גרמן (יש עתיד),עבדאללה אבו מערוף.
שבי גטניו,"אבו מערוף, אני מצטער, חדש יחסית, וכמובן סתיו. ברשותך, אני אתחיל בשלוש פסקאות שאני אצטט מאתרים. אני אזכיר לכם פה שגם גופי בריאות הוזמנו היום לדיון. אני לא ממש רואה פה נוכחות של גופי בריאות, לא רק גופי טבק. 40 ומשהו גופי בריאות כמדומני הזמינה מנהלת הוועדה והאולם הזה ריק.

אז אני אקרא ציטטה קלה מהאתר של חברת טבע: בטבע יש לנו את המחויבות לשפר את איכות החיים ואת שירותי הבריאות בעולם. זאת המשימה המתמשכת שלנו. קופת חולים מכבי: חוסנו של ארגון בא לידי ביטוי ביכולתו להציב לעצמנו סולם ערכים מחייב. מכבי מאז היווסדה התאפיינה בגישה ערכית ואנושית, תוך מחויבות חסרת פשרות לרווחתם ובריאותם של חברי מכבי. האחרון זה מקופת חולים מאוחדת, מתוך הסעיף שלהם על חיים ללא עישון, תת נושא גמילה מהרגלים: אנחנו מצליחים להתגבר על משברים גדולים וקטנים במהלך החיים, אבל נכשלים דווקא בדברים הקטנים, בניסיונות להיפתר מהרגלים שרכשנו מתוך חיקוי הסביבה.

עד כאן הפרסומות. רק המצב פה בחדר הריק הזה הוא מאד עגום. במדינות שפויות, חברות לובינג המייצגות חברות טבק הן חוליה מצורעת בשרשרת ענף הלובינג. הן מוקצות מחמת מיאוס - - -"
קריאה,יש לך הוכחות על זה?
שבי גטניו,"לא, מותר לי לדבר פה."
קריאה,מצורעת זה משהו ש - - -
שבי גטניו,מצורעת. אתה מייצג גוף - - -
קריאה,בכנסת ישראל - - -
"היו""ר אלי אלאלוף",זה פחות מלמות.
שבי גטניו,"הן מוקצות מחמת מיאוס ולשמן דבק הפיח השחור מהריאות של קורבנות הטבק. אנחנו מדברים פה על תעשייה זוועתית שרק במדינת ישראל גובה בשנה 8,000 קורבנות אדם – וזה נתונים של משרד הבריאות - פי 20 מתאונות דרכים. אנחנו לא קוראים עליהם כותרות כל יום כמו כל תאונה. לאנשים האלה לצערנו אין פה, כי משום מה יש כאן מכשלה שלא מביאה את הקורבנות האלה לידי ביטוי.

אנחנו חתומים כמדינה משנת 2005 על אמנת המסגרת לפיקוח על הטבק. בסעיף 5.3 באמנה הזאת - - -"
"היו""ר אלי אלאלוף","מי זה אנחנו, המדינה?"
שבי גטניו,"מדינת ישראל. סעיף 5.3 באמנה הזאת קובע חד משמעית שלמעשה כל אינטרס, התחשבות באינטרס של חברת טבק, כל התחשבות, מהווה פגיעה בבריאות הציבור. כלומר, גופי הבריאות האלה שלא הגיעו לפה היום, מיוצגים על ידי חברות לובינג שפוגעות בבריאות הציבור כיוון שהן מייצגות חברות טבק. זאת המשמעות. זה למה הם נעדרים פה.

אני מדבר איתם כבר שבועות מאז שהדיון הזה היה אפשרות ואחרי זה הפך להיות עובדה ואני מבין למה הם לא פה. איך אפשר להצדיק דבר כזה? איך אפשר לקרוא את מה שקוראים באתרים שלהם, לשמוע כמה הם עובדים למען הציבור ומדוע היום, אחרי חודש שיידענו אותם – בהתחלה חשבתי, אתה יודע, אני איידע אותם במכתב אליהם, אני אגיד להם תשמעו, אתם מיוצגים על ידי חברות שפוגעות בבריאות הציבור. הייתי בטוח שהתגובה תהיה לא ידעתי. התגובה למעשה היא שקט מוחלט."
מיכל רוזין (מרצ),יש פה קונספירציה לעשות להם יותר לקוחות.
"היו""ר אלי אלאלוף","לא,לא, יש תגובה בכתב של מכבי."
שבי גטניו,"שקט. אני דיברתי עם דובר מכבי בטלפון. פשוט מזעזע. פשוט מזעזע חוסר היכולת שלו לדבר על עניין מוסרי. הוא דיבר איתי על עניינים טכניים, למה, כמה, גודל, חברה, צרכים. אין לו שום תשובה מוסרית איך אתה מייצג אינטרסים בחברה שמקדמת אינטרסים של אלה שטווחים – תסלח לי במילה הקשה הזאת – אבל 8,000 איש בשנה, לקוחותיך. איך אתה עושה דבר כזה? איך זה נתפס מבחינה – אני באמת מתקשה להכיל את זה – מבחינה הגיונית. הם לא צד.

תשאל את ענת, מנהלת הוועדה, אני בכלל לא רציתי שהם יוזמנו. אין לי מהם שום ציפייה מוסרית או ערכית. אני מכיר אותם. אני מכיר את ההתנהלות שלהם כבר שנים רבות. שום ציפייה. ככל שהם יותר גדולים – תסלח לי – ככה הם יותר בעייתיים. הציפייה היחידה שלי פה בדיון הזה הייתה מגופי הבריאות, שיבואו להסביר כיצד."
"היו""ר אלי אלאלוף",אין אף אחד פה מקופות החולים למשל? משרד הבריאות?
קריאה,ממשרד הבריאות יש.
שבי גטניו,"הר""י? להקריא לך את הרשימה? חברות התרופות, שמשקיעות מיליונים על הדימוי עם הפרפרים והשדות הנהדרים."
"היו""ר אלי אלאלוף","למה לדעתך זה קורה? מה זה, בגלל היכולת הלוביסטית או בגלל הציניות שלהם?"
שבי גטניו,"תשמע, אני אדם שנרדף על ידי חלק מראשי התעשייה, גם במקום העבודה שלי, מניסיונות לפטר אותי, גם תביעות סרק, הוצאות דיבה לכאורה על כלום, שנגמרו בכלום. אז אני בורר מילים. תחשבו למה גוף בריאות, שמיוצג על ידי חברת לובינג ריכוזית, ירצה להיות מיוצג על ידה וגם כשאומרים לו שהיא מייצגת את אלה שהורגים בלקוחותיו, הוא ממשיך לדבוק ברצון שלו לייצג אותה.

השערות אנחנו יכולים כולנו להעלות השערות."
"היו""ר אלי אלאלוף",תודה.
שבי גטניו,"אם אפשר עוד בשביל שנבין עד כמה חמור הנושא הזה ועד כמה הגופים האלה, וכמו שאמרו מיכל ויעל אין חומה סינית. מדובר בגוף מסחרי. איזו חומה סינית יש בפוליסי, כשהראש שלה זה בוריס קרסני, שמייצג משנת 1988 את פיליפ מוריס. 1988. גם אם יש להם את תמר שתגיד שהיא מייצגת רק את אלה וארז שיגיד שהוא מייצג את רק פיליפ מוריס. הם כולם - - -"
מיכל רוזין (מרצ),בוא נעזוב את העובדים.
שבי גטניו,למה לעזוב את העובדים?
ארז גילהר,"זה בסדר. אני - - - תמר של החברה, אני מכבד את כל מה - - -"
שבי גטניו,ואיזו חומה סינית כשכולם מחויבים לאדם אחד שמייצג את הטבק משנת 1988? שיפסיקו להפריח את הסיסמאות המטופשות האלה. בחברה מסחרית אין חומה סינית. אין דבר כזה. כולם מחויבים לבעל המניות.
קריאה,"יש אמרה בוול סטריט שחומה סינית נגמרת בארוחה סינית, אז בואו נזכור את זה. גם במקומות אחרים זה לא עובד ככה. אנשים - - -"
שבי גטניו,"יפה, אז אני מבקש לדון בעניין הערכי. הערכי של גופי בריאות שמיוצגים על ידי חברות לובינג שמייצגות במקביל את אלה שפוגעים בבריאות הציבור."
"היו""ר אלי אלאלוף","אוקיי, זה היה ברור."
יעל גרמן (יש עתיד),"רק הערה קטנה. אני רק רוצה לציין שבבריטניה, כאשר איגוד חברות הפרמצבטיקה גילו שהן מיוצגות על ידי חברת לובי שמייצגת גם את חברות הטבק, הן פשוט פיטרו אותם ועברו לחברה אחרת."
שבי גטניו,מיוזמתם.
יעל גרמן (יש עתיד),מיזמתם.
"היו""ר אלי אלאלוף",תודה.
מיכל רוזין (מרצ),השאלה אם זה לא משהו - - - ראשון. אני באמת לא מצליחה להבין.
"היו""ר אלי אלאלוף","מישהו רוצה מנציגי הלוביסטים? או הלוביסט? בבקשה, אדוני."
ארז גילהר,"תודה. שמי ארז גילהר, אני מנכ""ל משותף בחברת פוליסי, אחת מחברות הלובינג הרשומות במשכן. יתכן ואני אבקש שוב זכות דיבור, ברשותך, כי אני רוצה להתייחס למה שחברי הכנסת ושבי גטניו אמרו עד כאן."
"היו""ר אלי אלאלוף","לא, אנחנו מרשים לך לדבר ברצף על שני הדברים."
ארז גילהר,"לא, אני לא יודע לאן הדיון ילך. אני רוצה להתייחס, אם אפשר. לגבי השקיפות, צר לי שחברות הכנסת אינן מכירות דיין את החוק שנוגע ללוביסטים. אנחנו רשומים באתר הכנסת ויש פה לשכה משפטית, שני יועצים. אם אני חוטא, אז אנא - - -"
מיכל רוזין (מרצ),הם אמרו. תיקנו אותנו.
ארז גילהר,"כל לקוחותיי מפורסמים. אתם יודעים בדיוק מי הם הלקוחות שאני מייצג בכנסת. אין אחד שלא שקוף בפניך, חברת הכנסת גרמן. אם משהו שאני אומר איננו נכון, אז אנא תקנו אותי עכשיו. לא יכול להיות שלא הסתכלת אי פעם במרשם ואתם אומרים שאני במחשכים? אני זה שרשום. אני זה שאת יודעת מי מייצג. אני לא חבר מרכז של אף מפלגה שמסתובב פה במזנון הכנסת ואין לך מושג - - -"
יעל גרמן (יש עתיד),"אל תרים את קולך. גם אני יודעת להרים את הקול ואל תצעק, לא עלי ולא על אף אחד. ואני רוצה לומר לך שאני מעולם לא הסתכלתי על הרשימה ואני מצפה כשכאשר מישהו בא - - -"
ארז גילהר,חבל.
יעל גרמן (יש עתיד),"אלי לא באים, כי אלי לוביסטים לא מגיעים ואני חושבת שאתה יודע את זה. לא הייתה אפילו פעם אחת. אני פשוט דוחה לוביסטים, כי אני לא חושבת שאני צריכה לשמוע דעות של מישהו שמקבל כסף עבור דעותיו, ממש כמו שיושב הראש אמר. אבל חברי כנסת אחרים, כשאתה בא לפניהם ואתה מקדם את עניינה של מכבי, אני תוהה אם אי פעם בפני אותו חבר כנסת, טרחת לומר שאתה גם מקדם את חברת הטבק. אני רוצה לדעת האם עשית זאת, באותה עת."
ארז גילהר,אני אענה.
יעל גרמן (יש עתיד),"לא חשבת שהוא יחפש, אלא אמרת את זה גלוי ובשקיפות."
ארז גילהר,"חברת הכנסת גרמן, לא אשאיר שאלה ללא תשובה. מבטיח לך. ואני מתנצל, הנה, אני מוריד את קולי. מאה אחוז."
"היו""ר אלי אלאלוף",איזה כיף. יש לך כל כך הרבה כוח. כשזה יוצא לי אני - - -
קריאה,הוא לא מרוקאי.
"היו""ר אלי אלאלוף","אה, הוא לא מרוקאי. בבקשה."
ארז גילהר,"מכיוון שאתם נוגעים גם בנפשי ובפרנסתי, אז סליחה אם גם לפעמים רוחי סוערת, אבל זה המובן של הדיון. וחברת הכנסת גרמן צודקת. האם כשבאתי לחברת הכנסת רוזין, שכן חושבת שצריך לשמוע צדדים לפני שמחליטים מה נכון להצביע, כשבאתי וישבתי בפניה - - -"
יעל גרמן (יש עתיד),צדדים. לא כאלה שמקבלים כסף עבור דעותיהם.
ארז גילהר,"האם עורך דין ורואה חשבון שבאים בפנייך ומייצגים, מקבלים כסף? אני מוכן, חברת הכנסת גרמן, ואני אומר את זה ברצינות, לדון בלא מעט חקיקות שאת כשרה ואני כמייצג גופים היינו שני צדדים לצורך העניין, ותראי האם אני מספיק מקצועי בעינייך, כדי שתקשיבי לעמדותיי ולדעותיי. ההתייחסות הזאת, כאילו אני איזה שהוא עסקן, שכל מה שהוא עושה פה זה היכרויות, את אכן לא מכירה אותי, לא יודעת מה עשיתי לפני, לא יודעת איזה תוכן אני מביא איתי. לא תמיד יכול מנכ""ל גוף עסקי לבוא בעצמו והוא שולח יועצים שמייצגים אותו.

אכן בכל העולם זה ענף מוכר. אני בהחלט מכבד את זה שהחלטת שלא. אבל אי אפשר לבוא ולהטיח שכאילו זה שאני מייצג - - -"
יעל גרמן (יש עתיד),"לא, אבל האם אתה אמרת לחברת הכנסת רוזין - - -"
ארז גילהר,"שנייה, אני אענה. אני מבטיח שאני אענה."
יעל גרמן (יש עתיד),רק תאמר לנו האם אתה מודיע על ניגוד העניינים שבו אתה נמצא מלכתחילה.
ארז גילהר,"אנא תני לי להשלים את תשובתי. באמת, אני אומר שההתייחסות היא מזלזלת, כאילו כל מה שאני עושה הוא עסקני, אין שום תוכן שאני מביא לדיון.

לגבי ההשאלה ששאלת, לא. אני חולק - - -"
"היו""ר אלי אלאלוף",תאפשר לי כיושב ראש מותר לי להפריע. יש לי שאלה על המצפון שלך.
ארז גילהר,מאה אחוז.
"היו""ר אלי אלאלוף","אני שואל על המצפון שלך, לא על המקצועיות. אני מכיר את החברה שלך. פעם ביקשו לעבוד איתי, אז אני יודע את היכולות. אני שואל על המצפון שלך. אבא של ילד. אתה מסוגל למכור שני ניגוד אינטרסים כל כך מובהקים ולהרגיש טוב בלילה?"
שבי גטניו,או רק את חברת הטבק אתה מסוגל עשרות שנים?
"היו""ר אלי אלאלוף","לא, לא, לא. מה שניתן ליושב הראש לא ניתן לאף אחד אחר."
שבי גטניו,סליחה.
"היו""ר אלי אלאלוף",אל תחלישו אותי.
ארז גילהר,"אדוני, אני חולק על התפיסה ואני כן גם אענה על השאלה היותר קשה אפילו של שבי, כי אני רוצה פעם אחת ולתמיד לענות מכל הלב ושתשמעו גם אם לא תסכימו איתי אחר כך. לגבי נושא ניגוד העניינים שאתה מציג והוצג כאן, אני חולק עליכם לחלוטין. התפיסה לפיה אתם קובעים כאן מה הוא ניגוד עניינים, יש ממונה על הגבלים עסקיים, אולי שיקבע מה הוא ניגוד עניינים, אולי בחקיקה. התפיסה, סליחה, לדוגמא חברת הכנסת גרמן העלתה דוגמאות. חברת הכנסת רוזין, מתחומים נוספים.

כשאומרת חברת הכנסת שפיר – הגיע לוביסט לייצג את חברות הביטוח – לא הגיע לוביסט. הגיע גורם מאיגוד חברות הביטוח, שזה הגורם שמאגד את כלל האינטרסים של חבריו אל מול הרגולטור. יש אישור של הממונה על ההגבלים העסקיים - - -"
סתיו שפיר (המחנה הציוני),"לא, והגיע לוביסט של - - -"
ארז גילהר,לא לוביסט. אני לא ייצגתי. לא. אם איגוד חברות הביטוח זה לוביסט - --
"היו""ר אלי אלאלוף",תענה לי. תענה לי.
ארז גילהר,אני עונה. אני אומר שניגוד עניינים - - -
"היו""ר אלי אלאלוף",תשתדל לא להטביע את ה - - -
ארז גילהר,"אני אענה גם על השאלה הקשה, אדוני, אני מבטיח לך."
שבי גטניו,"לא, הוא לא יענה."
ארז גילהר,"אבל ניגוד העניינים שאתם מכריזים אותו, בעיני צריך להוכיח שאכן מדובר בניגוד עניינים. כי אל מול רגולטור יש אינטרסים שהם אינטרסים משותפים גם אם יש לפעמים עניינים תחרותיים. אנחנו לא מדברים על עמלות - - -"
יעל גרמן (יש עתיד),למכור בריאות וסיגריות זה אינטרס זהה?
ארז גילהר,"גברתי, אני אענה עכשיו על השאלה הזאת."
יעל גרמן (יש עתיד),אין ניגוד עניינים בין למכור סיגריות ולקדם את בריאות הציבור?
ארז גילהר,"אני מתכוון לענות על השאלה של אדוני, איך אני מסתכל על עצמי במראה כשאני מייצג חברת טבק, בסדר? נחדד את זה עד כדי כך, אדוני? אני אענה."
"היו""ר אלי אלאלוף","לא, חברת טבק וחברת בריאות."
ארז גילהר,"אני שוב, ניסיתי להגיד שאני לא חושב - - -"
"היו""ר אלי אלאלוף","אל תשכח. תייצג טבק, לא איכפת לי."
מיכל רוזין (מרצ),אתה טוען שאין ניגוד עניינים?
ארז גילהר,אני טוען שאין.
מיכל רוזין (מרצ),אין ניגוד עניינים?
ארז גילהר,"אין ניגוד עניינים, כי כשאני מגיע אלייך, אני מגיע, וזה אפרופו גם כתוב בחוק - - -"
מיכל רוזין (מרצ),"לא, אל תגיד מה אתה מסוגל לעשות."
ארז גילהר,"לא, לא, רגע, רגע, אבל שוב את חושבת שאת יודעת מה אני הולך להגיד. אני בעל חקיקה ספציפית. אני בעל נושא מסוים. היום בחוק כשאני מגיע, אני לא רק אומר מי הוא הלקוח, אני אומר מה הוא האינטרס או מה הוא הנושא שעליו אני בא. זה לא לייצג - - -"
מיכל רוזין (מרצ),"זה ברור לי, אבל אתה בורח מהשאלה. האם יש ניגוד עניינים - - -"
ארז גילהר,אין ניגוד עניינים.
מיכל רוזין (מרצ),לא אצלך. בנושא.
ארז גילהר,אני מקדם אינטרסים של גופי בריאות. אין.
מיכל רוזין (מרצ),בנושא אין?
ארז גילהר,איזה נושא?
מיכל רוזין (מרצ),בין הנושאים של בריאות וסיגריות אין ניגוד אינטרסים.
סתיו שפיר (המחנה הציוני),"ארז, אני אשאל אותך שאלה אחרת, ברשותך."
ארז גילהר,"גברתי, תני לי - - -"
שבי גטניו,"הוא השכפ""ץ של גופי הבריאות שלא באו לפה, אתם לא מבינים? הוא השכפ""ץ שלהם. הם לא הגיעו והוא השכפ""ץ."
מיכל רוזין (מרצ),"אם אתה חושב, ואני באמת שואלת, לא דיברתי על ניגוד אינטרסים שלכם כלוביסטים. ניגוד עניינים בין שני ה - - -"
יעל גרמן (יש עתיד),"אם אתה חושב שאין ניגוד עניינים, אז אין מה לדבר. בזה גמרנו."
מיכל רוזין (מרצ),מה ששואלת אותך חברת הכנסת גרמן - האם יש ניגוד עניינים בין קידום בריאות לקידום סיגריות.
יעל גרמן (יש עתיד),בריאות הציבור.
מיכל רוזין (מרצ),"האם יש ניגוד עניינים בנושאים, לא בעבודה שלכם."
ארז גילהר,"חברת הכנסת רוזין, יתכן שכן."
מיכל רוזין (מרצ),אה.
ארז גילהר,"אבל בעבודה שלי, שלי - - -"
שבי גטניו,איפה הלקוחות שלך פה היום? למה לא הבאת אותם?
"היו""ר אלי אלאלוף",שבי.
ארז גילהר,"גברתי, בעבודה שלי - - -"
מיכל רוזין (מרצ),הוא שואל שאלות.
ארז גילהר,"הכל בסדר, אבל אני עונה. אני אמרתי שאני אשתדל לענות בכנות על כל שאלה."
שבי גטניו,זה הטריק שלהם פה היום.
סתיו שפיר (המחנה הציוני),האם יעצת ללקוחות שלך לא להגיע לפה היום?
ארז גילהר,לא.
"היו""ר אלי אלאלוף",אני יכול לשאול שאלה פשוטה?
סתיו שפיר (המחנה הציוני),איך התקבלה ההחלטה שבסוף אתה תגיע ולא הם?
ארז גילהר,אין לי מושג.
"היו""ר אלי אלאלוף",יש לי בקשה פשוטה.
ארז גילהר,"אני חושב שמה שאמר גטניו, אני חייב להגיד, גם אפרופו הלקוח שלי, שזה על גבול הדיבה, כי אני לפחות – אלא אם הוא יגיד אחרת – לא זוכר שלא אני ולא מישהו מהלקוחות שלי, אי פעם איים עליו בפיטורים, אי פעם תבע אותו משפטית. אם יש משהו שאני לא - - -"
"היו""ר אלי אלאלוף","לא, חברה, בואו, בואו - - -"
שבי גטניו,לא אתה. יושבת לידך מישהי.
ארז גילהר,אני מדבר על עצמי.
יעל גרמן (יש עתיד),אני חושבת שמנסים להסיט את הדיון מן העיקר.
שבי גטניו,יושבת לידו מישהי שבאה לחברה שלו - - -
יעל גרמן (יש עתיד),"שבי, הוא מנסה להסיט את הדיון מן העיקר. בואו נחזור לדיון."
"היו""ר אלי אלאלוף",אני אשאל שאלה עוד יותר - - -. יש לי שאלה. אתה יכול לייצג גם את חברת פולקסווגן וגם שברולט?
ארז גילהר,בהחלט.
"היו""ר אלי אלאלוף",אה.
ארז גילהר,"סליחה אדוני, יושב פה עורך דין מהלשכה המשפטית - - -. מה זו רגולציה? זה אינטרס משותף של הענף - - -"
"היו""ר אלי אלאלוף",הבנתי. אז אין לנו מה לדבר.
ארז גילהר,"מאה אחוז, אדוני. הסיפור שאנחנו מכירים רגולציה אחרת."
"היו""ר אלי אלאלוף","חברה, ברשותכם אני חייב להגיד - - -"
יעל גרמן (יש עתיד),אני מסכימה עם יושב הראש. יש חוסר הבנה.
"היו""ר אלי אלאלוף","ברשותכם, היות ואתם זימנתם את הדיון ואני בשמחה נעניתי, לאור השמות שלכם ואני יודע את הרצינות שלכם, אני חושב שעלינו ליזום חקיקה פרטית."
יעל גרמן (יש עתיד),תודה רבה. כך נעשה.
"היו""ר אלי אלאלוף",בואו ניזום את החקיקה הפרטית. בסדר?
יעל גרמן (יש עתיד),כך נעשה.
סתיו שפיר (המחנה הציוני),בהחלט.
"היו""ר אלי אלאלוף",וננסה להתמודד. כי אי אפשר. זה תפקידו למכור קרח לאסקימוסים ואם אפשר גם לסערה הוא ימכור קרח. זה תפקידו. אבל זה לא תפקידו ואני חושב שהפנייה צריכה להיות בעיקר לגופים הבריאותיים ולהזהיר אותם.
סתיו שפיר (המחנה הציוני),"אלי, מותר להעיר הערה?"
"היו""ר אלי אלאלוף","אני רק אסיים. לפנות לגופים הבריאותיים, שכל כך זקוקים לנו וכל כך באים להתלונן שאין להם כסף וכו', ואנחנו יודעים כמה המחלות מהעישון עולות להם ולנו כאזרחים וכמדינה."
יעל גרמן (יש עתיד),נכון.
"היו""ר אלי אלאלוף","לכן הפנייה היא בעיקר להם, לא למי שמוכר שיווק. בעצם הם משווקים. אז לכן אני חושב שכדאי שניזום, ברשותכם. אני מוכן להצטרף ולהוביל."
יעל גרמן (יש עתיד),אולי אתה תיזום.
"היו""ר אלי אלאלוף","לא, אני לא."
יעל גרמן (יש עתיד),או שהוועדה תיזום.
"היו""ר אלי אלאלוף","ברור, כשזה יגיע לוועדה אני אתן את סדר היום. אתם הכלי הטכני - - -"
קריאה,ועדת הכנסת.
"היו""ר אלי אלאלוף","זה לא הסמכות, אבל אני מוכן להצטרף באופן אישי."
סתיו שפיר (המחנה הציוני),"יש לי הצעת חוק בנושא, אני יכולה להעביר אותה לוועדה ושהוועדה תגיש אותה."
"היו""ר אלי אלאלוף","לא, זה לא ככה. זה לא הצעת חוק - - -"
סתיו שפיר (המחנה הציוני),למה שהוועדה לא תגיש?
"היו""ר אלי אלאלוף","אנחנו לא יכולים. אם מקבלים פניות, אז מחוקקים את החוק, אבל זה צריך להיות הפרוצדורה הרגילה."
יעל גרמן (יש עתיד),אנחנו ננסח הצעת חוק שמדברת על שקיפות.
"היו""ר אלי אלאלוף","אוקיי, אני מוכן להצטרף. יש לי איזו הצעה בינתיים."
סתיו שפיר (המחנה הציוני),"זו לא רק שקיפות, כי יש פה - - -"
יעל גרמן (יש עתיד),חובה להכריז על ניגוד עניינים. להבהיר מה זה ניגוד עניינים.
סתיו שפיר (המחנה הציוני),"אני רוצה להגיד משהו, זה לא רק הגנה. אנחנו לא מדברים פה רק על העבודה מול הכנסת. הרצון שלנו, ופה - - -"
"היו""ר אלי אלאלוף",בהצעה - - -
יעל גרמן (יש עתיד),אני לא יכולה לעשות את זה.
סתיו שפיר (המחנה הציוני),"אלי, פה צריך לומר למען ההגינות כמה דברים. ראשית, את אותה שאלה שמפנים פה לארז, אפשר להפנות לכל פרסומאי שמפרסם חברות סיגריות, שגם זה לא ברור איפה מוסר נמצא שם ולכל מי שמייצג אותם וכו', אבל צריך להגיד פה משהו אחר. אנחנו רוצים להגן על האינטרס של אותם גורמים שאמונים על בריאות הציבור במקרה הזה, שהייעוץ שהם מקבלים מאנשי המקצוע - במקרה הזה זו יכולה להיות חברת הלובי שמייצגת אותם מול הכנסת וזה יכולים להיות גם גופים אחרים שמייצגים אותם, מחברות אסטרטגיה, שהנוכחות שלהן כאן היא הרבה יותר נזילה – נקרא לכך – ולא מפוקחת. וגם גורמים אחרים שיכולים לייצג מספר חברות עם אינטרסים סותרים, כי מותר להן כיום על פי חוק וזה חוק מעוות שצריך לתקן.

אנחנו רוצים להגיע על החברות שעומדות לשירות הציבור, ממצב שבו הייעוץ שהן תקבלנה יושפע אם במודע ואם לא במודע, מאינטרסים של חברות אחרות שמשלמות כסף לאותו גוף מייצג, בין אם הגוף המייעץ הוא חברת לובי ובין אם הגוף המייעץ הוא חברה אסטרטגית, או כל אחד האחרים, או גופי תקשורת, או ייעוץ תקשורתי, כל הגופים האחרים שמייעצים לאותו גוף. כי המקרה שאנחנו מנסים למנוע, זה שכשמגיעה אותה חברה שפועלת לשירות הציבור, או במקרה הזה גורם בריאותי, ושוב, הנושא הזה חולש על עוד תחומים, גורם בריאותי שרוצה להעביר חקיקה או להשפיע על חקיקה לטוב, כך שישרתו את הציבור והוא חלילה מקבל עצה, כשמאחורי העצה הזאת עומד אינטרס של עוד חברה, שגם אותה מייצגת אותה חברה לובי."
יעל גרמן (יש עתיד),"כסף. סתיו, תגידי, כסף. כסף עומד שם."
סתיו שפיר (המחנה הציוני),"ברור שכסף. מה זאת אומרת? חברה שמשלמת שכר, ואת המצב הזה אנחנו רוצים למנוע ולכן - - -"
מיכל רוזין (מרצ),"סתיו, אבל אני חושבת - - -"
סתיו שפיר (המחנה הציוני),"רגע, אני רק אסיים, מיכל. ולכן הדבר הזה הוא לא רק עניין שקיפות. יש פה עניין של למנוע ממש במכוון מצב של ניגוד אינטרסים כזה מלכתחילה. זה לא רק השקיפות שתחלף אותנו ובאמת, אני נלחמת על שקיפות יום יום, אבל זה לא רק השקיפות."
יעל שילוני,הלקוחות שלנו יודעים בדיוק - - -
מיכל רוזין (מרצ),אבל זה העניין. הטענה שלנו היא לא - - -
שבי גטניו,"אבל המוסר שלהם כל כך ירוד, מה לעשות?"
סתיו שפיר (המחנה הציוני),"רק לסיים משפט, חברים. זה לא רק השקיפות שתחלץ אותנו פה מבעיה, אלא איסור בחוק על כך שגוף, שאמון על בריאות הציבור בדרך כזו או אחרת, יקבל שירות וייעוץ מקצועי מגוף שיש לו גם אינטרסים אחרים, כי הוא מקבל כסף גם מגורמים בעלי אינטרסים אחרים. זה צריך להיות הבסיס של - - -"
מיכל רוזין (מרצ),"אני חושבת שחשוב להגיד שאנחנו צריכים לדרוש כוועדת עבודה, רווחה ובריאות של הכנסת, תשובה. באמת זה לא מספיק, ודרך אגב אני גם לא מצפה מחברות הטבק להגיע. הטענה שלי היא לחברות הציבוריות, לגופי הבריאות."
"היו""ר אלי אלאלוף",נכון.
מיכל רוזין (מרצ),"הם צריכים לשבת פה ולהסביר לנו, ויכול להיות שאם היו להם טענות, שיישבו ונשמע והם יגידו – אנחנו מסוגלים לעשות את ההפרדה, אנחנו יש לנו שקיפות, אנחנו יודעים שהם מייצגים את חברות הטבק. אנחנו רוצים לשמוע אותם. הם מייצגים את האינטרס הציבורי. הם מייצגים את הציבור. אנחנו רוצים לשמוע אותם – מדוע הם – הם יודעים את מי הם מייצגים. אני לא חושבת שזה משהו סודי.

הם לא נמצאים פה. יש סיבה שהם לא נמצאים כאן. הם צריכים להיות כאן. הם צריכים לבוא ולתת תשובות לוועדה איך הם רואים את העובדה שהם מקבלים ייעוץ וזה לא רק ייעוץ, אלא מי שמייצג אותם פה, בבית המחוקקים, הוא בעצם מייצג גם את חברות הטבק ואני דורשת שהם ייתנו לנו תשובה, גם אם זה יהיה בכתב."
סתיו שפיר (המחנה הציוני),נכון מאד.
"היו""ר אלי אלאלוף","אוקיי. בקיצור שבי, משפט אחד, בבקשה."
שבי גטניו,"קודם על אני מודה לך על העמדה הראויה שלך בנושא ואני מבקש שני צעדים מאד פשוטים מכבודו. אחד זה לבקש מגופי הבריאות האלה שלא הגיעו לכאן לעזוב חברות לובינג שמייצגות אינטרסים של חברות טבק, הפוגעות בבריאות הציבור. זה אפשר כבקשה של ועדת העבודה והרווחה ואני מדבר על כל גופים הפרטיים והציבוריים וכולם. זה עניין מוסרי בסיסי.

השני זה הנחיה שבסמכותך למעשה לפתור חלק ניכר בוועדה הזאת. אם אתה – בסמכותך – ואני יודע שזו סמכותך – תורה שבדיונים על בריאות לא יוכלו להיכנס לכאן לוביסטים שמייצגים במקביל חברות טבק, זה פותר חלק ניכר מהבעיה פה. כי כאן נדונים הדיונים."
"היו""ר אלי אלאלוף",חברות - - -
שבי גטניו,"לא תהיה אמנה, אתם לא יכולים להיות פה על פי אמנת המסגרת. על פי אמנת המסגרת אתם לא יכולים להיות בדיונים על בריאות."
"היו""ר אלי אלאלוף","אוקיי, בסדר. עוד מישהו רצה. בבקשה, רשות הדיבור האחרונה."
מיכל רוזין (מרצ),"אי אפשר החלטה, זה צריך להיות חקיקה."
שבי גטניו,זו יכולה להיות החלטה שלכם.
"היו""ר אלי אלאלוף","גברת, רצית?"
יעל שילוני,"יעל שילוני, מנכ""לית משותפת של גלעד לובינג. רציתי רק לענות לך, לא לך, בכלל – עישון זה דבר חוקי."
שבי גטניו,עדיין.
יעל שילוני,"את שרת בריאות לשעבר. אם משרד הבריאות יחשוב שצריכים להוציא את העישון מהחוק, שיעשו את זה. כל עוד שזה - - -"
שבי גטניו,את מכירה את אמנת המסגרת?
"היו""ר אלי אלאלוף","לא, לא, שבי. אתה לא הפינג פונג של הגברת. בבקשה."
מיכל רוזין (מרצ),גם זנות היא חוקית במדינת ישראל ואנחנו עושים כל מה שאנחנו יכולים כדי למנוע אותה.
שבי גטניו,וזנות לא הורגת.
יעל שילוני,אנחנו מעולם לא - - -
מיכל רוזין (מרצ),"זנות הורגת, שבי. תחזור בך."
שבי גטניו,את הנשמה.
מיכל רוזין (מרצ),לא. היא גם הורגת אנשים.
יעל גרמן (יש עתיד),נכון.
שבי גטניו,נכון. אני חוזר בי.
יעל שילוני,"יש עוד דברים שהורגים. אנחנו מעולם לא מייצגים בניגוד עניינים, זה חשוב להגיד פה, לא בנושא טבק ובריאות ולא בנושאים אחרים. בשום נושא אנחנו לא פועלים בניגוד עניינים בחקיקה ספציפית או בנושאים ספציפיים. דרך אגב, אפשר לקחת כל לקוח כמעט, לחבר אותו ללקוח אחר ולמצוא איזה שהוא ניגוד עניינים. כן."
מיכל רוזין (מרצ),תני לנו רעיונות.
יעל שילוני,אין סוף דוגמאות.
מיכל רוזין (מרצ),תני לנו רעיונות.
"היו""ר אלי אלאלוף",בבקשה.
יעל גרמן (יש עתיד),אני רוצה לחלק את - - -
"היו""ר אלי אלאלוף","אוקיי, עוד מישהו?"
מיכל רוזין (מרצ),"יש הבדל בין YES ל-HOT שמתנגדים, אבל משתפים פעולה למטרת רגולציה מסוימת. זה שונה."
"היו""ר אלי אלאלוף",עוד מישהו?
ארז גילהר,"למה? כי את חושבת ככה, חברת הכנסת רוזין?"
מיכל רוזין (מרצ),לא.
ארז גילהר,זה מה שגורם לניגוד עניינים? רק בגלל שחברת הכנסת גרמן - - -
"היו""ר אלי אלאלוף","חבר'ה, חבר'ה, הזמן שלנו מוגבל."
מיכל רוזין (מרצ),"כאשר ניגוד עניינים הוא אינהרנטי, הוא בעייתי."
ארז גילהר,אני חושב שאת יכולה לפנות לגורמים המוסמכים לקבוע מה הוא ניגוד עניינים. תשאלי את היועצים המשפטיים.
"היו""ר אלי אלאלוף",משרד הבריאות רוצה להגיד משהו?
מיכל רוזין (מרצ),אני מסכימה איתך שצריך להגדיר - - -
ארז גילהר,"אבל החופש הזה שאתם לוקחים על עצמכם לקבוע לבד מה הוא ניגוד עניינים לא, כשאני מייצג שתי חברות רכב, אז - - -"
מיכל רוזין (מרצ),לא. למה לבד?
"היו""ר אלי אלאלוף","אתה שם לב שאתה מדבר לבד, עם עצמך, בינתיים?"
קריאה,"קצת כבוד למחוקק. הוא יכול לקבוע. זה התפקיד שלו, לא?"
"היו""ר אלי אלאלוף","יעל, בבקשה ואני אסכם."
יעל גרמן (יש עתיד),"קודם כל תודה רבה על הדיון. אני חושבת שהדיון הזה היה מאד מאד ברור והשאלה שלך הייתה אולי השאלה הברורה והנוקבת ביותר, כי מדובר פה אם אנחנו כן יודעים מה זה ניגוד עניינים או לא יודעים מה זה ניגוד עניינים ולדעתי אנחנו בהחלט יודעים מה זה ניגוד עניינים, וכל אדם יודע מה זה ניגוד עניינים, בוודאי כאשר הוא אינהרנטי וברור, אבל יש פה גם את העניין של המצפון.

ולכן אני רוצה לבוא לקרוא לאותם ארגונים שלא הגיעו הנה – לקופות החולים וארגוני הבריאות וגם להסתדרות הרופאים הישראלית, שדרך אגב לוקחת חלק מאד מאד פעיל במאבק נגד העישון, ואני מאד נדהמתי כשגיליתי שהיא נשארת באותה חברת לובינג.

אני רוצה לקרוא להם לפעול ממש כפי שפעלו בבריטניה ובמקומות אחרים. אני ציינתי את הארגון של הפרמצבטיקה, אבל הנה, יש לנו כאן קריאה של איזו שהיא חברה, נדמה לי שזאת חברה שמספקת בריאות, מעין קופת חולים. זה נקרא Intermountain Healthcare – היא פנתה ואמרה לחברת הלובינג – אתם תבחרו אותנו את חברות הטבק. אם אתם תבחרו את חברות הטבק – אנחנו הולכים.

אני מצפה קודם כל מארגוני הבריאות שלנו שזה מה שהם יעשו בלי שאנחנו נחוקק. לפעמים לא צריך לחוקק."
יעל שילוני,הטענה לא ללוביסטים.
יעל גרמן (יש עתיד),"לפעמים צו המצפון צריך לפעול עוד לפני שבא המחוקק, אבל אם אנחנו נראה שבאמת צו המצפון לא פועל את פעולתו ואנשים לא פועלים על פיו, אז אנחנו בהחלט נשב ואנחנו נחשוב על איזה שהוא חוק שיאפשר לך כיושב ראש לא לשמוע את הארגונים שמפיצים מוות."
"היו""ר אלי אלאלוף",כן.
יעל שילוני,"אני רק רוצה להוסיף שאם יוצאים בקריאה, אז שהקריאה תהיה לכל היועצים ולא רק ללוביסטים. לכל יועץ שפועל איך שאתם - - -"
מיכל רוזין (מרצ),"הפנייה היא לא ללוביסטים, הפנייה היא לחברות - - -"
ארז גילהר,"לא, שלא יעסיקו חברת מזון במזנון שלה, שעובדת גם עבור חברת טבק."
מיכל רוזין (מרצ),אוקיי.
יעל שילוני,"אם ניגוד, אז עד הסוף. אנחנו לא רואים בזה ניגוד עניינים."
ארז גילהר,"וכשנגיע לחקיקה נדבר על מה זה לוביסט, כי לוביסט מוגדר בחוק כמי שמייצג נוכחות והוא כל אחד - - -"
"היו""ר אלי אלאלוף","טוב, יש לי הצעה לסיכום, ברשותכם."
מיכל רוזין (מרצ),"הטענה היא לא ללוביסטים, הטענה היא לחברות הבריאות. אתם טועים בפוקוס."
"היו""ר אלי אלאלוף",תודה. אני רוצה להציע הצעה לסיכום.
יעל שילוני,"אין בעיה, אז כל יועץ - - - גם ללוביסטים - - -"
מיכל רוזין (מרצ),"בסדר, אבל אני אומרת, אני רוצה לשמוע את חברות הבריאות."
יעל גרמן (יש עתיד),אתם פועלים ניגוד עניינים אינהרנטי ומסרבים אפילו להכיר בזה.
יעל שילוני,אנחנו עובדים בשקיפות - - -
"היו""ר אלי אלאלוף","יש לי הצעה לסיכום ואני אשלים עם שני משפטים. בבקשה, ענת, ברשותך, תקראי."
ענת כהן שמואל,"הוועדה מציעה לגופים העוסקים בתחום הבריאות לבדוק היטב ולשקול, בעת שהם מתקשרים עם גורמים למטרת ייצוג שלהם, כולל עם שדלנים, מה הם הגופים האחרים המיוצגים על ידם והאם האינטרסים שהם מייצגים עולים בקנה אחד עם המטרות שגופי הבריאות מבקשים לקדם.

נציע כי בדיקה זו לא תהיה פורמאלית בלבד, שתתבצע בתדירות סבירה, בהתאם לעניין הנדון."
מיכל רוזין (מרצ),יפה מאד.
"היו""ר אלי אלאלוף","אוקיי. ברשותכם, אם תרצו להצטרף, אני באופן אישי אכתוב לכל יושבי ראש קופות החולים והגופים הרלבנטיים. אנחנו נפנה אליהם באופן אישי ונגיד להם את מה שאנחנו חושבים."
יעל גרמן (יש עתיד),נהדר.
מיכל רוזין (מרצ),מצוין.
"היו""ר אלי אלאלוף",אני מודה לכם ותודה על אומץ הלב לבוא.
מיכל רוזין (מרצ),תודה רבה.
יעל גרמן (יש עתיד),תודה רבה.
"היו""ר אלי אלאלוף","תודה.

הישיבה ננעלה בשעה 14:25."
